source_ip,destination_ip,protocol,length
192.168.251.129,192.168.255.172,TCP,54
192.168.251.129,192.168.196.64,TCP,54
192.168.251.129,192.168.174.125,TCP,54
192.168.251.129,192.168.209.196,TCP,54
192.168.251.129,192.168.145.55,TCP,54
192.168.251.129,192.168.16.234,TCP,54
192.168.251.129,192.168.208.190,TCP,54
192.168.251.129,192.168.108.130,TCP,54
192.168.251.129,192.168.172.189,TCP,54
192.168.251.129,192.168.54.118,TCP,54
192.168.251.129,192.168.68.163,TCP,54
192.168.251.129,192.168.6.202,TCP,54
192.168.251.129,192.168.133.255,TCP,54
192.168.251.129,192.168.28.179,TCP,54
192.168.251.129,192.168.172.129,TCP,54
192.168.251.129,192.168.30.80,TCP,54
192.168.251.129,192.168.209.72,TCP,54
192.168.251.129,192.168.73.55,TCP,54
192.168.251.129,192.168.33.159,TCP,54
192.168.251.129,192.168.32.32,TCP,54
192.168.251.129,192.168.105.197,TCP,54
192.168.251.129,192.168.14.62,TCP,54
192.168.251.129,192.168.129.62,TCP,54
192.168.251.129,192.168.131.32,TCP,54
192.168.251.129,192.168.175.211,TCP,54
192.168.251.129,192.168.45.68,TCP,54
192.168.251.129,192.168.145.203,TCP,54
192.168.251.129,192.168.250.218,TCP,54
192.168.251.129,192.168.224.123,TCP,54
192.168.251.129,192.168.230.158,TCP,54
192.168.251.129,192.168.128.69,TCP,54
192.168.251.129,192.168.215.254,TCP,54
192.168.251.129,192.168.208.215,TCP,54
192.168.251.129,192.168.30.151,TCP,54
192.168.251.129,192.168.49.77,TCP,54
192.168.251.129,192.168.207.128,TCP,54
192.168.251.129,192.168.255.230,TCP,54
192.168.251.129,192.168.74.73,TCP,54
192.168.251.129,192.168.193.145,TCP,54
192.168.251.129,192.168.175.48,TCP,54
192.168.251.129,192.168.203.66,TCP,54
192.168.251.129,192.168.66.211,TCP,54
192.168.251.129,192.168.45.79,TCP,54
192.168.251.129,192.168.51.133,TCP,54
192.168.251.129,192.168.193.131,TCP,54
192.168.251.129,192.168.57.79,TCP,54
192.168.251.129,192.168.207.32,TCP,54
192.168.251.129,192.168.91.218,TCP,54
192.168.251.129,192.168.189.244,TCP,54
192.168.251.129,192.168.234.192,TCP,54
192.168.251.129,192.168.134.28,TCP,54
192.168.251.129,192.168.28.192,TCP,54
192.168.251.129,192.168.2.246,TCP,54
192.168.251.129,192.168.238.125,TCP,54
192.168.251.129,192.168.238.175,TCP,54
192.168.251.129,192.168.58.46,TCP,54
192.168.251.129,192.168.69.204,TCP,54
192.168.251.129,192.168.162.230,TCP,54
192.168.251.129,192.168.244.194,TCP,54
192.168.251.129,192.168.84.175,TCP,54
192.168.251.129,192.168.176.51,TCP,54
192.168.251.129,192.168.28.68,TCP,54
192.168.251.129,192.168.114.16,TCP,54
192.168.251.129,192.168.68.193,TCP,54
192.168.251.129,192.168.13.102,TCP,54
